USE Palmaris_Tech;

-- Insert de la tabla Cultivo.
INSERT INTO Cultivo (variedad, fecha_siembra, hectareas, estado, rendimiento_estimado, id_lote)
VALUES
('Dura', '2023-01-01', 100.00, 'En progreso', 2500.00, 1),
('Pasifera', '2023-02-01', 120.00, 'En progreso', 1800.00, 2),
('Tenera', '2023-03-01', 80.00, 'En progreso', 2200.00, 3),
('Dura', '2023-04-01', 50.00, 'Finalizado', 2000.00, 4),
('Pasifera', '2023-05-01', 150.00, 'En progreso', 2400.00, 5),
('Tenera', '2023-06-01', 110.00, 'Finalizado', 2100.00, 6),
('Dura', '2023-07-01', 90.00, 'En progreso', 2600.00, 7),
('Pasifera', '2023-08-01', 130.00, 'En progreso', 1900.00, 8),
('Tenera', '2023-09-01', 70.00, 'Finalizado', 2250.00, 9),
('Dura', '2023-10-01', 60.00, 'Finalizado', 2050.00, 10),
('Pasifera', '2023-11-01', 140.00, 'En progreso', 2450.00, 11),
('Tenera', '2023-12-01', 100.00, 'En progreso', 2150.00, 12),
('Dura', '2023-01-10', 95.00, 'En progreso', 2500.00, 13),
('Pasifera', '2023-02-10', 105.00, 'Finalizado', 1800.00, 14),
('Tenera', '2023-03-10', 85.00, 'Finalizado', 2200.00, 15),
('Dura', '2023-04-10', 125.00, 'En progreso', 2300.00, 16),
('Pasifera', '2023-05-10', 90.00, 'En progreso', 2100.00, 17),
('Tenera', '2023-06-10', 110.00, 'Finalizado', 2000.00, 18),
('Dura', '2023-07-10', 100.00, 'En progreso', 2600.00, 19),
('Pasifera', '2023-08-10', 105.00, 'Finalizado', 2150.00, 20),
('Tenera', '2023-09-10', 80.00, 'En progreso', 2250.00, 21),
('Dura', '2023-10-10', 60.00, 'Finalizado', 2500.00, 22),
('Pasifera', '2023-11-10', 130.00, 'En progreso', 2000.00, 23),
('Tenera', '2023-12-10', 90.00, 'En progreso', 2400.00, 24),
('Dura', '2024-01-01', 110.00, 'En progreso', 2100.00, 25),
('Pasifera', '2024-02-01', 120.00, 'En progreso', 2500.00, 26),
('Tenera', '2024-03-01', 75.00, 'Finalizado', 1800.00, 27),
('Dura', '2024-04-01', 80.00, 'En progreso', 2200.00, 28),
('Pasifera', '2024-05-01', 150.00, 'En progreso', 2000.00, 29),
('Tenera', '2024-06-01', 100.00, 'Finalizado', 2100.00, 30),
('Dura', '2024-07-01', 90.00, 'Finalizado', 2500.00, 31),
('Pasifera', '2024-08-01', 140.00, 'En progreso', 2400.00, 32),
('Tenera', '2024-09-01', 70.00, 'En progreso', 2300.00, 33),
('Dura', '2024-10-01', 110.00, 'En progreso', 2500.00, 34),
('Pasifera', '2024-11-01', 100.00, 'Finalizado', 1800.00, 35),
('Tenera', '2024-12-01', 120.00, 'Finalizado', 2200.00, 36),
('Dura', '2025-01-01', 105.00, 'En progreso', 2400.00, 37),
('Pasifera', '2025-02-01', 80.00, 'En progreso', 2100.00, 38),
('Tenera', '2025-03-01', 100.00, 'En progreso', 2500.00, 39),
('Dura', '2025-04-01', 95.00, 'Finalizado', 2300.00, 40),
('Pasifera', '2025-05-01', 115.00, 'En progreso', 2000.00, 41),
('Tenera', '2025-06-01', 105.00, 'En progreso', 2200.00, 42),
('Dura', '2025-07-01', 120.00, 'Finalizado', 2150.00, 43),
('Pasifera', '2025-08-01', 130.00, 'En progreso', 2300.00, 44),
('Tenera', '2025-09-01', 80.00, 'Finalizado', 2400.00, 45),
('Dura', '2025-10-01', 90.00, 'Finalizado', 2100.00, 46),
('Pasifera', '2025-11-01', 75.00, 'En progreso', 2500.00, 47),
('Tenera', '2025-12-01', 120.00, 'Finalizado', 2000.00, 48),
('Dura', '2026-01-01', 105.00, 'En progreso', 2400.00, 49),
('Pasifera', '2026-02-01', 90.00, 'En progreso', 2200.00, 50);

select * from Cultivo;

-- Insert de la tabla Empleado.
INSERT INTO Empleado (nombre, apellidos, direccion, ciudad, rol, salario, fecha_contratacion, estado)
VALUES
('Carlos', 'Sánchez', 'Av. Las Palmas 123', 'Lima', 'Agricultor', 1500.00, '2022-01-15', 'Activo'),
('Ana', 'Gómez', 'Calle San Juan 456', 'Trujillo', 'Supervisor', 2500.00, '2021-05-10', 'Activo'),
('Luis', 'Martínez', 'Calle San Martín 789', 'Arequipa', 'Jefe de Cultivos', 3500.00, '2020-03-20', 'Activo'),
('Lucía', 'Reyes', 'Calle La Merced 111', 'Piura', 'Técnico', 1700.00, '2022-08-05', 'Activo'),
('Pedro', 'Ramírez', 'Calle Los Olivos 22', 'Lima', 'Agricultor', 1600.00, '2021-07-10', 'Activo'),
('Marta', 'Fernández', 'Calle San Pedro 99', 'Chiclayo', 'Supervisor', 2700.00, '2020-04-01', 'Activo'),
('Juan', 'Pérez', 'Calle Lima 45', 'Cusco', 'Jefe de Producción', 3600.00, '2019-11-15', 'Activo'),
('Ricardo', 'Torres', 'Calle Amazonas 33', 'Puno', 'Técnico', 1800.00, '2021-06-25', 'Activo'),
('Isabel', 'Hernández', 'Calle Bolívar 19', 'Tacna', 'Agricultor', 1550.00, '2022-01-20', 'Activo'),
('José', 'López', 'Calle San José 50', 'Trujillo', 'Supervisor', 2300.00, '2020-03-05', 'Activo'),
('Sofía', 'Martín', 'Calle Libertad 77', 'Lima', 'Jefe de Cultivos', 3000.00, '2021-08-10', 'Activo'),
('David', 'García', 'Calle París 64', 'Arequipa', 'Técnico', 1900.00, '2021-05-30', 'Activo'),
('Patricia', 'Jiménez', 'Calle Victoria 38', 'Piura', 'Agricultor', 1600.00, '2022-03-01', 'Activo'),
('Gabriel', 'Castro', 'Calle 28 de Julio 90', 'Lima', 'Supervisor', 2400.00, '2020-07-15', 'Activo'),
('Lucía', 'Vega', 'Calle Sol 12', 'Trujillo', 'Jefe de Producción', 3500.00, '2019-10-10', 'Activo'),
('Raúl', 'Álvarez', 'Calle Granaderos 40', 'Chiclayo', 'Técnico', 1750.00, '2022-02-28', 'Activo'),
('Beatriz', 'González', 'Calle Jirón de la Unión 11', 'Cusco', 'Agricultor', 1500.00, '2021-06-01', 'Activo'),
('Héctor', 'Suárez', 'Calle Santa Rosa 58', 'Puno', 'Supervisor', 2600.00, '2020-09-20', 'Activo'),
('Sandra', 'Torres', 'Calle Ayacucho 27', 'Arequipa', 'Jefe de Cultivos', 3200.00, '2019-12-01', 'Activo'),
('Esteban', 'Mendoza', 'Calle Pacífico 18', 'Piura', 'Técnico', 1850.00, '2021-11-18', 'Activo'),
('Claudia', 'Vásquez', 'Calle La Paz 23', 'Tacna', 'Agricultor', 1550.00, '2022-04-05', 'Activo'),
('Antonio', 'Ríos', 'Calle El Prado 33', 'Lima', 'Supervisor', 2200.00, '2020-06-25', 'Activo'),
('Eva', 'Romero', 'Calle San Martín 56', 'Trujillo', 'Jefe de Producción', 3300.00, '2020-09-10', 'Activo'),
('Luis', 'Rivas', 'Calle Victor Raúl 99', 'Chiclayo', 'Técnico', 1800.00, '2021-03-20', 'Activo'),
('Martín', 'Cano', 'Calle Los Alpes 45', 'Arequipa', 'Agricultor', 1600.00, '2022-02-18', 'Activo'),
('Carmen', 'Paredes', 'Calle Las Flores 12', 'Piura', 'Supervisor', 2300.00, '2021-04-12', 'Activo'),
('Marco', 'Rodríguez', 'Calle Hermita 10', 'Lima', 'Jefe de Cultivos', 3000.00, '2019-09-15', 'Activo'),
('Verónica', 'Hidalgo', 'Calle Bolognesi 21', 'Cusco', 'Técnico', 1900.00, '2022-01-07', 'Activo'),
('José', 'Morales', 'Calle Tupac Amaru 55', 'Puno', 'Agricultor', 1500.00, '2021-05-15', 'Activo'),
('María', 'Soto', 'Calle José Carlos Mariátegui 32', 'Arequipa', 'Supervisor', 2200.00, '2020-04-05', 'Activo'),
('Fernando', 'Salazar', 'Calle El Olivar 22', 'Piura', 'Jefe de Producción', 3500.00, '2021-06-20', 'Activo'),
('Patricia', 'Figueroa', 'Calle Los Árboles 77', 'Tacna', 'Técnico', 1750.00, '2022-05-01', 'Activo'),
('Eduardo', 'Serrano', 'Calle El Sol 88', 'Lima', 'Agricultor', 1650.00, '2021-07-01', 'Activo'),
('Mónica', 'González', 'Calle Belgrano 10', 'Trujillo', 'Supervisor', 2400.00, '2020-02-01', 'Activo'),
('César', 'Muñoz', 'Calle Principal 34', 'Chiclayo', 'Jefe de Cultivos', 3200.00, '2019-11-30', 'Activo'),
('Beatriz', 'Moya', 'Calle Los Pinos 78', 'Arequipa', 'Técnico', 1850.00, '2022-03-10', 'Activo'),
('Gabriel', 'Ruiz', 'Calle Morales 99', 'Piura', 'Agricultor', 1600.00, '2021-09-01', 'Activo'),
('Sofía', 'Figueroa', 'Calle Mayta Cápac 22', 'Lima', 'Supervisor', 2500.00, '2020-08-15', 'Activo'),
('Ricardo', 'Ávila', 'Calle Ricardo Palma 44', 'Trujillo', 'Jefe de Producción', 3500.00, '2019-12-25', 'Activo'),
('Adriana', 'Chavez', 'Calle El Parque 30', 'Chiclayo', 'Técnico', 1800.00, '2021-12-01', 'Activo'),
('Raúl', 'Zambrano', 'Calle Bolívar 65', 'Cusco', 'Agricultor', 1550.00, '2022-07-10', 'Activo'),
('Carlos', 'Bravo', 'Calle Colón 99', 'Puno', 'Supervisor', 2300.00, '2020-06-30', 'Activo'),
('Ricardo', 'Castillo', 'Calle Las Lomas 45', 'Arequipa', 'Jefe de Cultivos', 3100.00, '2021-10-05', 'Activo'),
('Fernando', 'Martínez', 'Calle Santa Teresa 12', 'Piura', 'Técnico', 1900.00, '2022-02-10', 'Activo'),
('Andrea', 'Sánchez', 'Calle Miraflores 18', 'Tacna', 'Agricultor', 1500.00, '2021-08-10', 'Activo'),
('Oscar', 'Vega', 'Calle Las Palmas 21', 'Lima', 'Supervisor', 2400.00, '2020-09-05', 'Activo'),
('Juan', 'Romero', 'Calle Flores 90', 'Trujillo', 'Jefe de Producción', 3500.00, '2019-12-05', 'Activo'),
('Rosa', 'González', 'Calle Orellana 66', 'Chiclayo', 'Técnico', 1850.00, '2021-05-25', 'Activo'),
('Luis', 'Salas', 'Calle La Paz 33', 'Arequipa', 'Agricultor', 1600.00, '2022-08-01', 'Activo'),
('Carlos', 'Villarreal', 'Calle Júpiter 45', 'Piura', 'Supervisor', 2400.00, '2021-03-01', 'Activo'),
('Nicolás', 'Paredes', 'Calle México 32', 'Tacna', 'Jefe de Cultivos', 3100.00, '2019-10-01', 'Activo'),
('Verónica', 'Hernández', 'Calle El Retiro 50', 'Lima', 'Técnico', 1800.00, '2022-05-20', 'Activo');

select * from Empleado;

-- Insert de la tabla maquinaria.
INSERT INTO Maquinaria (nombre, estado, fecha_compra, costo_adquisicion, ultimo_mantenimiento, horas_operativas)
VALUES
('Tractor John Deere', 'Operativo', '2020-01-15', '35000', '2024-01-10', 500.00),
('Cosechadora New Holland', 'Operativo', '2019-08-12', '40000', '2023-11-25', 600.00),
('Motocultor Kubota', 'En reparación', '2021-03-05', '12000', '2023-09-18', 150.00),
('Camión Volvo', 'Operativo', '2020-11-20', '55000', '2024-02-10', 1200.00),
('Fumigadora Case IH', 'Operativo', '2022-04-12', '25000', '2023-10-30', 320.00),
('Excavadora Caterpillar', 'En mantenimiento', '2018-05-30', '80000', '2023-12-01', 2000.00),
('Pala cargadora Komatsu', 'Operativo', '2020-09-10', '60000', '2023-06-15', 950.00),
('Generador eléctrico Cummins', 'Operativo', '2021-06-25', '12000', '2023-07-30', 400.00),
('Tractor Case IH', 'Operativo', '2019-01-10', '38000', '2024-01-05', 750.00),
('Camión Iveco', 'En reparación', '2022-02-22', '42000', '2023-11-12', 1100.00),
('Grúa Grove', 'Operativo', '2021-07-15', '150000', '2023-08-20', 2200.00),
('Minicargadora Bobcat', 'En mantenimiento', '2020-12-10', '30000', '2023-09-01', 850.00),
('Tractor Massey Ferguson', 'Operativo', '2021-09-01', '33000', '2023-11-10', 400.00),
('Cosechadora Claas', 'Operativo', '2019-04-05', '50000', '2024-03-15', 1100.00),
('Bomba de riego Vortex', 'Operativo', '2022-08-01', '8000', '2023-10-05', 320.00),
('Pala retroexcavadora JCB', 'En reparación', '2017-11-20', '40000', '2023-05-20', 1800.00),
('Tractor Kubota', 'Operativo', '2021-05-18', '25000', '2023-07-10', 650.00),
('Camión de carga Ford', 'Operativo', '2018-10-25', '45000', '2023-12-15', 950.00),
('Fumigadora Kubota', 'En mantenimiento', '2020-06-30', '15000', '2023-10-10', 300.00),
('Tractor New Holland', 'Operativo', '2019-07-10', '38000', '2024-01-20', 500.00),
('Motocultor Yanmar', 'Operativo', '2021-03-22', '13000', '2023-09-15', 250.00),
('Tractor Deutz-Fahr', 'En reparación', '2021-04-15', '35000', '2023-11-10', 700.00),
('Cosechadora John Deere', 'Operativo', '2020-01-25', '45000', '2023-09-25', 850.00),
('Bomba de agua Honda', 'Operativo', '2022-03-12', '8000', '2023-06-20', 220.00),
('Tractor Fiatallis', 'Operativo', '2018-12-10', '33000', '2023-11-05', 900.00),
('Cosechadora Case IH', 'Operativo', '2019-11-01', '47000', '2023-08-15', 950.00),
('Camión Mack', 'En reparación', '2021-06-05', '47000', '2023-09-22', 1050.00),
('Excavadora Volvo', 'Operativo', '2020-07-12', '85000', '2023-10-30', 1600.00),
('Generador eléctrico Perkins', 'Operativo', '2021-10-01', '10000', '2023-12-01', 300.00),
('Cosechadora Agco', 'Operativo', '2022-01-10', '42000', '2023-09-10', 800.00),
('Pala cargadora Caterpillar', 'En mantenimiento', '2020-08-25', '65000', '2023-11-22', 950.00),
('Camión Mercedes-Benz', 'Operativo', '2019-02-28', '55000', '2023-10-18', 1200.00),
('Tractor Fendt', 'Operativo', '2020-03-20', '37000', '2023-12-12', 720.00),
('Motocultor Mitsubishi', 'Operativo', '2021-07-15', '14000', '2023-10-15', 300.00),
('Grúa Liebherr', 'Operativo', '2018-06-30', '95000', '2023-07-22', 2100.00),
('Tractor Kubota L1', 'En reparación', '2020-12-05', '25000', '2023-11-05', 450.00),
('Cosechadora Massey Ferguson', 'Operativo', '2021-02-15', '48000', '2023-12-20', 1050.00),
('Camión MAN', 'Operativo', '2021-04-10', '49000', '2023-11-05', 1150.00),
('Pala retroexcavadora Case IH', 'Operativo', '2020-01-08', '55000', '2023-12-01', 1600.00),
('Bomba de riego DAB', 'Operativo', '2021-09-05', '8500', '2023-10-10', 320.00),
('Generador eléctrico Kohler', 'Operativo', '2021-11-20', '9000', '2023-09-01', 250.00),
('Tractor Fiat', 'Operativo', '2022-02-15', '33000', '2023-10-20', 600.00),
('Cosechadora Kubota', 'En reparación', '2020-09-10', '40000', '2023-08-05', 800.00),
('Camión Renault', 'Operativo', '2019-07-22', '46000', '2023-11-15', 1100.00),
('Tractor Massey Ferguson 350', 'Operativo', '2021-01-30', '36000', '2023-07-05', 800.00),
('Motocultor Kohler', 'Operativo', '2021-12-10', '15000', '2023-09-25', 250.00),
('Pala cargadora Terex', 'Operativo', '2019-03-10', '62000', '2023-06-12', 1100.00),
('Tractor Valtra', 'Operativo', '2020-08-15', '37000', '2023-12-05', 600.00),
('Cosechadora Claas Jaguar', 'Operativo', '2021-04-25', '50000', '2023-09-18', 950.00),
('Excavadora Hitachi', 'Operativo', '2022-01-30', '75000', '2023-11-01', 1300.00),
('Tractor John Deere 5055', 'En mantenimiento', '2021-11-01', '32000', '2023-08-15', 500.00),
('Fumigadora Amazone', 'Operativo', '2022-06-10', '22000', '2023-07-12', 380.00),
('Grúa Manitowoc', 'Operativo', '2019-04-01', '90000', '2023-10-15', 1700.00),
('Camión Freightliner', 'En reparación', '2022-02-15', '47000', '2023-08-30', 1100.00);

select * from Maquinaria;

-- Insert de la tabla Proveedor.
INSERT INTO Proveedor (nombre, direccion, telefono, correo_electronico, producto_sumistrado)
VALUES
('AgroFertil S.A.', 'Av. Principal 456, Ciudad', '555-1234', 'contacto@agrofertil.com', 'Fertilizantes'),
('MaquinariaTech Ltda.', 'Calle Industrial 789, Zona 3', '555-2345', 'ventas@maquinatech.com', 'Maquinaria Agrícola'),
('Vega Agroproductos', 'Calle 4, Barrio Central, Ciudad', '555-3456', 'info@vegaagro.com', 'Semillas de Maíz'),
('Distribuidora Campos', 'Calle San José 123, Ciudad', '555-4567', 'ventas@distribuidoracampo.com', 'Pesticidas'),
('Insumos Verde', 'Av. del Sol 789, Zona 7', '555-5678', 'contacto@insumosverde.com', 'Fertilizantes Orgánicos'),
('Tecno Maquinaria', 'Calle Industriales 45, Ciudad', '555-6789', 'info@tecno-maquinaria.com', 'Tractores'),
('ProAgro S.A.', 'Calle 12, Colonia Norte, Ciudad', '555-7890', 'ventas@proagro.com', 'Riego Automático'),
('AgroTrade S.A.', 'Calle del Valle 10, Ciudad', '555-8901', 'contacto@agrotrade.com', 'Semillas de Trigo'),
('Viveros El Roble', 'Carretera Sur 356, Pueblo', '555-9012', 'contacto@viverosrobles.com', 'Plantas de Palma de Aceite'),
('Maquinarias del Norte', 'Av. Fronteriza 256, Ciudad', '555-0123', 'ventas@maquinarianorte.com', 'Cosechadoras'),
('AgroVentech', 'Calle N°5, Parque Industrial, Ciudad', '555-1230', 'ventas@agroventecht.com', 'Sistemas de Irrigación'),
('Fertilisolutions', 'Av. Libertad 120, Ciudad', '555-2340', 'contacto@fertilisolutions.com', 'Fertilizantes y Herbizidas'),
('Riego Global', 'Calle Olivos 233, Barrio Bajo', '555-3450', 'info@riego-global.com', 'Equipos de Riego'),
('TecnoCultivo', 'Calle de la Industria 500, Ciudad', '555-4560', 'contacto@tecnocultivo.com', 'Insumos para Cultivo'),
('Palmas del Oriente', 'Av. Palmas 800, Zona 8', '555-5670', 'contacto@palmasdeloriente.com', 'Palma de Aceite'),
('Distribuciones Agro', 'Calle del Norte 501, Ciudad', '555-6780', 'ventas@distribucionesagro.com', 'Semillas y Fertilizantes'),
('Alimentos y Fertilizantes', 'Calle Real 12, Ciudad', '555-7899', 'contacto@alimentosfertil.com', 'Fertilizantes para Alimentos'),
('TecnoAgro Solutions', 'Calle del Sol 300, Zona 5', '555-8902', 'ventas@tecnoagrosolutions.com', 'Tractores y Equipos de Riego'),
('Sistemas Agropecuarios', 'Calle del Parque 180, Zona 2', '555-9013', 'info@sistemasagro.com', 'Sistemas de Riego'),
('Comercial Agrofer', 'Av. Comercio 505, Ciudad', '555-0124', 'ventas@agrofer.com', 'Fertilizantes'),
('FertiKraft', 'Calle de la Tierra 45, Ciudad', '555-1236', 'contacto@fertikraft.com', 'Fertilizantes y Suplementos'),
('Agroproductos L.A.', 'Calle Uruguay 720, Zona 4', '555-2341', 'ventas@agroproductosla.com', 'Insumos Agrícolas'),
('Palmas del Ecuador', 'Calle 8, Barrio Oriental, Ciudad', '555-3451', 'contacto@palmasecuador.com', 'Palma de Aceite'),
('Agro Equipos', 'Calle Industrial 34, Ciudad', '555-4561', 'ventas@agroequipos.com', 'Equipos de Agricultura'),
('Cosecha Verde', 'Calle del Campo 90, Ciudad', '555-5671', 'info@cosechaverde.com', 'Cosechadoras'),
('Semillas y Cultivos', 'Av. Cultivo 233, Ciudad', '555-6781', 'contacto@semillasycultivos.com', 'Semillas para Cultivos'),
('Viveros del Sur', 'Carretera del Sur 410, Pueblo', '555-7891', 'info@viverossur.com', 'Plantas Ornamentales'),
('Vega Agrícola', 'Calle de la Vega 123, Zona 9', '555-8903', 'contacto@vegaagricola.com', 'Fertilizantes y Plaguicidas'),
('RiegoTech', 'Calle del Río 555, Zona 4', '555-9014', 'ventas@riego-tech.com', 'Sistemas de Riego Automatizados'),
('Sistemas del Agro', 'Calle Industrial 600, Ciudad', '555-0125', 'contacto@sistemasdelagro.com', 'Insumos para Agricultura'),
('Productos Agrícolas S.A.', 'Calle 7, Barrio Central, Ciudad', '555-1237', 'ventas@productosagricolasa.com', 'Fertilizantes y Herbicidas'),
('Agrovisiones', 'Calle A 123, Zona 6', '555-2342', 'contacto@agrovisiones.com', 'Sistemas de Riego'),
('Palmas y Frutos', 'Av. Los Andes 150, Pueblo', '555-3452', 'ventas@palmasyfrutos.com', 'Palma de Aceite'),
('Fertireal', 'Calle de la Estrella 56, Ciudad', '555-4562', 'info@fertireal.com', 'Fertilizantes Orgánicos'),
('Semillas del Futuro', 'Calle Central 400, Zona 2', '555-5672', 'ventas@semillasdelfuturo.com', 'Semillas de Cultivo'),
('Maquinaria y Riego', 'Calle Larga 333, Ciudad', '555-6782', 'contacto@maquinariyriego.com', 'Tractores y Equipos de Riego'),
('Distribución Agropecuaria', 'Calle de la Huerta 780, Ciudad', '555-7892', 'info@distribucionagropecuaria.com', 'Productos Agropecuarios'),
('Riego Integral', 'Calle Nueva 345, Ciudad', '555-8904', 'ventas@riego-integral.com', 'Sistemas de Riego'),
('Agro Inova', 'Calle de la Planta 200, Ciudad', '555-9015', 'contacto@agroinova.com', 'Insumos Agrícolas'),
('Maquinaria Agrícola S.A.', 'Calle San Juan 245, Ciudad', '555-0126', 'ventas@maquinariaagricola.com', 'Cosechadoras'),
('Cultivos y Fertilizantes', 'Av. San Miguel 123, Ciudad', '555-1238', 'contacto@cultivosfertil.com', 'Fertilizantes para Cultivos'),
('Equipos del Agro', 'Calle 10, Zona Industrial, Ciudad', '555-2343', 'ventas@equiposdelagro.com', 'Equipos Agrícolas'),
('AgroSur', 'Calle La Loma 88, Pueblo', '555-3453', 'contacto@agrosur.com', 'Plantas de Palma de Aceite'),
('Tecnología Agro', 'Calle de la Tecnología 700, Ciudad', '555-4563', 'info@tecnologiaagro.com', 'Tecnología para Cultivos'),
('Fertilagro', 'Calle 3, Zona 1', '555-5673', 'ventas@fertilagro.com', 'Fertilizantes Orgánicos'),
('FertiAgro', 'Calle del Campo 800, Ciudad', '555-6783', 'contacto@fertiagro.com', 'Insumos Agrícolas'),
('Palmas del Trópico', 'Calle Pioneros 512, Zona 10', '555-7893', 'ventas@palmasdelotropico.com', 'Palma de Aceite'),
('AgroPlanta', 'Calle Central 1, Ciudad', '555-8905', 'info@agroplanta.com', 'Plantas y Fertilizantes'),
('Fertifood', 'Calle 2, Zona 5', '555-9016', 'ventas@fertifood.com', 'Fertilizantes para Alimentos'),
('AgroFutura', 'Calle de la Sierra 333, Ciudad', '555-0127', 'contacto@agrofutura.com', 'Tecnología y Equipos'),
('AgroSistemas', 'Calle de la Vega 500, Ciudad', '555-1239', 'ventas@agrosistemas.com', 'Sistemas de Riego Automatizados');

select * from Proveedor;

-- Insert de la tabla Produccion.
INSERT INTO Produccion (id_cultivo, fecha_cosecha, toneladas_RFF, destino, estado_destino)
VALUES
(1, '2024-03-15', 500.00, 'Mercado Nacional', 'En Proceso'),
(2, '2024-04-12', 450.00, 'Exportación', 'Entregado'),
(3, '2024-05-01', 600.00, 'Industria Alimentaria', 'En Proceso'),
(4, '2024-06-10', 350.00, 'Mercado Local', 'En Proceso'),
(5, '2024-07-05', 520.00, 'Exportación', 'Entregado'),
(6, '2024-08-20', 470.00, 'Mercado Nacional', 'En Proceso'),
(7, '2024-09-11', 560.00, 'Comercialización Interna', 'En Proceso'),
(8, '2024-10-15', 430.00, 'Exportación', 'En Proceso'),
(9, '2024-11-02', 390.00, 'Mercado Nacional', 'Entregado'),
(10, '2024-12-01', 515.00, 'Industria Aceitera', 'Entregado'),
(11, '2024-03-12', 480.00, 'Mercado Local', 'En Proceso'),
(12, '2024-04-25', 550.00, 'Mercado Nacional', 'Entregado'),
(13, '2024-05-22', 510.00, 'Mercado Nacional', 'En Proceso'),
(14, '2024-06-05', 490.00, 'Exportación', 'En Proceso'),
(15, '2024-07-12', 570.00, 'Comercialización Interna', 'Entregado'),
(16, '2024-08-19', 525.00, 'Mercado Nacional', 'En Proceso'),
(17, '2024-09-14', 610.00, 'Industria Alimentaria', 'En Proceso'),
(18, '2024-10-03', 485.00, 'Exportación', 'En Proceso'),
(19, '2024-11-22', 525.00, 'Comercialización Interna', 'Entregado'),
(20, '2024-12-10', 550.00, 'Industria Aceitera', 'En Proceso'),
(21, '2024-03-01', 430.00, 'Exportación', 'Entregado'),
(22, '2024-04-07', 570.00, 'Mercado Local', 'En Proceso'),
(23, '2024-05-13', 515.00, 'Industria Alimentaria', 'En Proceso'),
(24, '2024-06-25', 490.00, 'Mercado Nacional', 'Entregado'),
(25, '2024-07-18', 520.00, 'Exportación', 'En Proceso'),
(26, '2024-08-30', 530.00, 'Comercialización Interna', 'En Proceso'),
(27, '2024-09-25', 440.00, 'Mercado Nacional', 'Entregado'),
(28, '2024-10-14', 470.00, 'Industria Aceitera', 'En Proceso'),
(29, '2024-11-10', 510.00, 'Exportación', 'Entregado'),
(30, '2024-12-15', 600.00, 'Mercado Local', 'En Proceso'),
(31, '2024-03-20', 490.00, 'Comercialización Interna', 'En Proceso'),
(32, '2024-04-03', 530.00, 'Mercado Nacional', 'Entregado'),
(33, '2024-05-05', 580.00, 'Industria Alimentaria', 'En Proceso'),
(34, '2024-06-18', 495.00, 'Exportación', 'En Proceso'),
(35, '2024-07-20', 550.00, 'Mercado Nacional', 'Entregado'),
(36, '2024-08-03', 460.00, 'Industria Aceitera', 'En Proceso'),
(37, '2024-09-22', 600.00, 'Comercialización Interna', 'En Proceso'),
(38, '2024-10-12', 525.00, 'Mercado Local', 'Entregado'),
(39, '2024-11-18', 490.00, 'Exportación', 'En Proceso'),
(40, '2024-12-03', 540.00, 'Industria Alimentaria', 'Entregado'),
(41, '2024-03-25', 460.00, 'Mercado Nacional', 'En Proceso'),
(42, '2024-04-17', 530.00, 'Industria Aceitera', 'En Proceso'),
(43, '2024-05-25', 510.00, 'Comercialización Interna', 'En Proceso'),
(44, '2024-06-12', 520.00, 'Mercado Local', 'En Proceso'),
(45, '2024-07-30', 540.00, 'Exportación', 'Entregado'),
(46, '2024-08-14', 550.00, 'Industria Alimentaria', 'En Proceso'),
(47, '2024-09-02', 480.00, 'Mercado Nacional', 'En Proceso'),
(48, '2024-10-05', 500.00, 'Comercialización Interna', 'Entregado'),
(49, '2024-11-12', 510.00, 'Industria Aceitera', 'En Proceso'),
(50, '2024-12-20', 570.00, 'Mercado Local', 'En Proceso');
 select * from Produccion;
 
 -- Insert de la tabla Cliete.
 INSERT INTO Cliente (nombre, apellidos, direccion, telefono, correo_electronico, frecuencia_compra)
VALUES
('Carlos', 'Gomez', 'Av. 15 de Septiembre 345, Quito', '0987654321', 'carlos.gomez@email.com', 'Mensual'),
('Ana', 'Martinez', 'Calle Falsa 123, Guayaquil', '0981234567', 'ana.martinez@email.com', 'Bimensual'),
('Juan', 'Perez', 'Av. Juan Montalvo 777, Cuenca', '0988765432', 'juan.perez@email.com', 'Semanal'),
('Maria', 'Lopez', 'Calle del Sol 45, Ambato', '0986574832', 'maria.lopez@email.com', 'Mensual'),
('Luis', 'Hernandez', 'Calle 8 de Octubre 320, Loja', '0987432156', 'luis.hernandez@email.com', 'Anual'),
('Pedro', 'Sanchez', 'Av. Los Pinos 101, Machala', '0982345678', 'pedro.sanchez@email.com', 'Bimensual'),
('Julia', 'Fernandez', 'Calle Rumiñahui 412, Riobamba', '0981122334', 'julia.fernandez@email.com', 'Mensual'),
('Diego', 'Ramirez', 'Calle Sucre 300, Esmeraldas', '0983311224', 'diego.ramirez@email.com', 'Trimestral'),
('Lucia', 'Garcia', 'Av. Libertad 67, Ambato', '0989988776', 'lucia.garcia@email.com', 'Mensual'),
('Miguel', 'Díaz', 'Calle Juan José Flores 123, Loja', '0987654322', 'miguel.diaz@email.com', 'Bimensual'),
('Patricia', 'Martinez', 'Calle Rio Amazonas 234, Cuenca', '0982233445', 'patricia.martinez@email.com', 'Anual'),
('Jose', 'Ramirez', 'Calle Pedro Vicente Maldonado 12, Quito', '0982244668', 'jose.ramirez@email.com', 'Mensual'),
('Carla', 'Soto', 'Calle Las Acacias 65, Guayaquil', '0985432121', 'carla.soto@email.com', 'Semanal'),
('Rafael', 'Gonzalez', 'Av. 6 de Diciembre 33, Quito', '0986655443', 'rafael.gonzalez@email.com', 'Mensual'),
('Silvia', 'Vargas', 'Calle Quito 89, Loja', '0987788991', 'silvia.vargas@email.com', 'Trimestral'),
('Gabriel', 'Lopez', 'Calle Montalvo 75, Ambato', '0986655442', 'gabriel.lopez@email.com', 'Bimensual'),
('Daniela', 'Martínez', 'Calle Los Álamos 800, Riobamba', '0988877664', 'daniela.martinez@email.com', 'Anual'),
('Roberto', 'Hernandez', 'Av. Los Pinos 300, Machala', '0982233445', 'roberto.hernandez@email.com', 'Mensual'),
('Esteban', 'Sánchez', 'Calle Sol 77, Cuenca', '0981122334', 'esteban.sanchez@email.com', 'Trimestral'),
('Valentina', 'Torres', 'Av. Quito 312, Loja', '0989988772', 'valentina.torres@email.com', 'Semanal'),
('Sofia', 'Gomez', 'Calle Calderon 50, Ambato', '0987432155', 'sofia.gomez@email.com', 'Mensual'),
('Javier', 'Perez', 'Calle Los Álamos 10, Riobamba', '0988877665', 'javier.perez@email.com', 'Bimensual'),
('Carmen', 'Lopez', 'Av. 10 de Agosto 550, Guayaquil', '0981122333', 'carmen.lopez@email.com', 'Mensual'),
('Oscar', 'Gonzalez', 'Calle Sucre 140, Cuenca', '0983322114', 'oscar.gonzalez@email.com', 'Anual'),
('Veronica', 'Vega', 'Calle Las Orquideas 33, Loja', '0987788990', 'veronica.vega@email.com', 'Mensual'),
('Felipe', 'Soto', 'Calle Quito 17, Ambato', '0982233442', 'felipe.soto@email.com', 'Semanal'),
('Claudia', 'Morales', 'Calle San Martín 13, Guayaquil', '0985456789', 'claudia.morales@email.com', 'Bimensual'),
('Andres', 'Alvarez', 'Av. Libertador 120, Quito', '0984433221', 'andres.alvarez@email.com', 'Trimestral'),
('Isabel', 'Jimenez', 'Calle de la Paz 77, Loja', '0986655446', 'isabel.jimenez@email.com', 'Anual'),
('Victor', 'Diaz', 'Av. 25 de Julio 200, Riobamba', '0989988770', 'victor.diaz@email.com', 'Mensual'),
('Adriana', 'Rojas', 'Calle Los Guayacanes 500, Cuenca', '0982233440', 'adriana.rojas@email.com', 'Bimensual'),
('Luis', 'Silva', 'Calle Quito 22, Ambato', '0989988774', 'luis.silva@email.com', 'Semanal'),
('Carlos', 'Paredes', 'Av. Las Palmas 58, Machala', '0982244669', 'carlos.paredes@email.com', 'Mensual'),
('Felix', 'Jimenez', 'Calle Guayacanes 88, Loja', '0982211665', 'felix.jimenez@email.com', 'Trimestral'),
('Teresa', 'Mendoza', 'Calle Bella Vista 123, Riobamba', '0989988773', 'teresa.mendoza@email.com', 'Bimensual'),
('Alfredo', 'Ramirez', 'Calle Galapagos 432, Cuenca', '0982233441', 'alfredo.ramirez@email.com', 'Anual'),
('Alejandra', 'Serrano', 'Calle 25 de Mayo 100, Quito', '0981122336', 'alejandra.serrano@email.com', 'Mensual'),
('Beatriz', 'Garcia', 'Calle Sol 200, Guayaquil', '0983344556', 'beatriz.garcia@email.com', 'Semanal'),
('Joaquin', 'Castillo', 'Calle Montalvo 19, Ambato', '0987766554', 'joaquin.castillo@email.com', 'Mensual'),
('Erika', 'Martinez', 'Calle Carchi 7, Loja', '0982233443', 'erika.martinez@email.com', 'Trimestral'),
('Josefina', 'Rivas', 'Av. del Sol 99, Machala', '0988877667', 'josefina.rivas@email.com', 'Bimensual'),
('Raul', 'Zambrano', 'Calle Quito 77, Cuenca', '0989988775', 'raul.zambrano@email.com', 'Anual'),
('Eduardo', 'Molina', 'Calle San José 111, Riobamba', '0986655440', 'eduardo.molina@email.com', 'Mensual'),
('Gabriela', 'Gutierrez', 'Calle Fenix 34, Loja', '0987766552', 'gabriela.gutierrez@email.com', 'Mensual'),
('Marcos', 'Jara', 'Calle Los Sapos 56, Quito', '0982345679', 'marcos.jara@email.com', 'Bimensual'),
('Natalia', 'Sierra', 'Calle Nueva 450, Ambato', '0982233446', 'natalia.sierra@email.com', 'Trimestral'),
('Raul', 'Velasco', 'Calle Las Colinas 22, Guayaquil', '0989977665', 'raul.velasco@email.com', 'Mensual'),
('Susana', 'Palacios', 'Av. Loja 24, Cuenca', '0982233447', 'susana.palacios@email.com', 'Anual'),
('Rosa', 'Chavez', 'Calle del Sol 700, Loja', '0988877668', 'rosa.chavez@email.com', 'Semanal'),
('Fernando', 'Cordero', 'Calle Las Lomas 23, Riobamba', '0982244667', 'fernando.cordero@email.com', 'Mensual'),
('Margarita', 'Salazar', 'Calle Pichincha 300, Machala', '0989988778', 'margarita.salazar@email.com', 'Bimensual'),
('Mauricio', 'Lozano', 'Av. Los Andenes 444, Cuenca', '0987766551', 'mauricio.lozano@email.com', 'Trimestral'),
('Ernesto', 'Jaramillo', 'Calle Los Cedros 90, Quito', '0982233448', 'ernesto.jaramillo@email.com', 'Mensual');

-- Insert de la tabla Venta. 
INSERT INTO Venta (fecha_venta, id_cliente, total, id_producto, metodo_pago)
VALUES
('2024-11-01', 1, 1500.00, 10, 'Efectivo'),
('2024-11-02', 2, 2500.00, 12, 'Tarjeta de crédito'),
('2024-11-03', 3, 1800.00, 15, 'Transferencia bancaria'),
('2024-11-04', 4, 2200.00, 5, 'Efectivo'),
('2024-11-05', 5, 3200.00, 3, 'Tarjeta de crédito'),
('2024-11-06', 6, 1500.00, 7, 'Efectivo'),
('2024-11-07', 7, 1900.00, 2, 'Transferencia bancaria'),
('2024-11-08', 8, 2100.00, 8, 'Efectivo'),
('2024-11-09', 9, 2200.00, 11, 'Tarjeta de crédito'),
('2024-11-10', 10, 1700.00, 6, 'Efectivo'),
('2024-11-11', 11, 2600.00, 4, 'Transferencia bancaria'),
('2024-11-12', 12, 1400.00, 9, 'Efectivo'),
('2024-11-13', 13, 3100.00, 1, 'Tarjeta de crédito'),
('2024-11-14', 14, 2000.00, 14, 'Efectivo'),
('2024-11-15', 15, 2400.00, 13, 'Transferencia bancaria'),
('2024-11-16', 16, 2100.00, 16, 'Tarjeta de crédito'),
('2024-11-17', 17, 1800.00, 18, 'Efectivo'),
('2024-11-18', 18, 1600.00, 20, 'Transferencia bancaria'),
('2024-11-19', 19, 1900.00, 17, 'Efectivo'),
('2024-11-20', 20, 2800.00, 19, 'Tarjeta de crédito'),
('2024-11-21', 21, 2100.00, 22, 'Efectivo'),
('2024-11-22', 22, 2500.00, 25, 'Transferencia bancaria'),
('2024-11-23', 23, 2700.00, 23, 'Tarjeta de crédito'),
('2024-11-24', 24, 2200.00, 21, 'Efectivo'),
('2024-11-25', 25, 2600.00, 24, 'Transferencia bancaria'),
('2024-11-26', 26, 2900.00, 27, 'Efectivo'),
('2024-11-27', 27, 3000.00, 29, 'Tarjeta de crédito'),
('2024-11-28', 28, 2500.00, 30, 'Transferencia bancaria'),
('2024-11-29', 29, 2300.00, 28, 'Efectivo'),
('2024-11-30', 30, 3200.00, 31, 'Tarjeta de crédito'),
('2024-12-01', 31, 1800.00, 33, 'Efectivo'),
('2024-12-02', 32, 1600.00, 34, 'Transferencia bancaria'),
('2024-12-03', 33, 2500.00, 35, 'Tarjeta de crédito'),
('2024-12-04', 34, 2100.00, 36, 'Efectivo'),
('2024-12-05', 35, 2700.00, 37, 'Transferencia bancaria'),
('2024-12-06', 36, 2200.00, 38, 'Efectivo'),
('2024-12-07', 37, 2500.00, 39, 'Tarjeta de crédito'),
('2024-12-08', 38, 2900.00, 40, 'Transferencia bancaria'),
('2024-12-09', 39, 2100.00, 41, 'Efectivo'),
('2024-12-10', 40, 2000.00, 42, 'Tarjeta de crédito'),
('2024-12-11', 41, 2700.00, 43, 'Efectivo'),
('2024-12-12', 42, 2600.00, 44, 'Transferencia bancaria'),
('2024-12-13', 43, 2400.00, 45, 'Efectivo'),
('2024-12-14', 44, 2900.00, 46, 'Tarjeta de crédito'),
('2024-12-15', 45, 2200.00, 47, 'Efectivo'),
('2024-12-16', 46, 2100.00, 48, 'Transferencia bancaria'),
('2024-12-17', 47, 2500.00, 49, 'Tarjeta de crédito'),
('2024-12-18', 48, 2300.00, 50, 'Efectivo'),
('2024-12-19', 49, 2600.00, 51, 'Transferencia bancaria'),
('2024-12-20', 50, 2900.00, 52, 'Efectivo');


-- Insert de la tabla detalle_venta. 
INSERT INTO Detalle_Venta (id_produccion, id_venta, cantidad_vendida, precio_unitario, subtotal)
VALUES
(1, 1, 100.00, 15.00, 1500.00),
(2, 2, 120.00, 20.83, 2500.00),
(3, 3, 150.00, 12.00, 1800.00),
(4, 4, 110.00, 20.00, 2200.00),
(5, 5, 160.00, 20.00, 3200.00),
(6, 6, 100.00, 15.00, 1500.00),
(7, 7, 95.00, 20.00, 1900.00),
(8, 8, 105.00, 20.00, 2100.00),
(9, 9, 110.00, 20.00, 2200.00),
(10, 10, 85.00, 20.00, 1700.00),
(11, 11, 130.00, 20.00, 2600.00),
(12, 12, 70.00, 20.00, 1400.00),
(13, 13, 155.00, 20.00, 3100.00),
(14, 14, 100.00, 20.00, 2000.00),
(15, 15, 120.00, 20.00, 2400.00),
(16, 16, 105.00, 20.00, 2100.00),
(17, 17, 90.00, 20.00, 1800.00),
(18, 18, 80.00, 20.00, 1600.00),
(19, 19, 95.00, 20.00, 1900.00),
(20, 20, 140.00, 20.00, 2800.00),
(21, 21, 105.00, 20.00, 2100.00),
(22, 22, 125.00, 20.00, 2500.00),
(23, 23, 135.00, 20.00, 2700.00),
(24, 24, 110.00, 20.00, 2200.00),
(25, 25, 130.00, 20.00, 2600.00),
(26, 26, 145.00, 20.00, 2900.00),
(27, 27, 150.00, 20.00, 3000.00),
(28, 28, 140.00, 20.00, 2800.00),
(29, 29, 120.00, 20.00, 2400.00),
(30, 30, 160.00, 20.00, 3200.00),
(31, 31, 90.00, 20.00, 1800.00),
(32, 32, 80.00, 20.00, 1600.00),
(33, 33, 125.00, 20.00, 2500.00),
(34, 34, 105.00, 20.00, 2100.00),
(35, 35, 135.00, 20.00, 2700.00),
(36, 36, 110.00, 20.00, 2200.00),
(37, 37, 130.00, 20.00, 2600.00),
(38, 38, 120.00, 20.00, 2400.00),
(39, 39, 140.00, 20.00, 2800.00),
(40, 40, 130.00, 20.00, 2600.00),
(41, 41, 120.00, 20.00, 2400.00),
(42, 42, 110.00, 20.00, 2200.00),
(43, 43, 100.00, 20.00, 2000.00),
(44, 44, 130.00, 20.00, 2600.00),
(45, 45, 120.00, 20.00, 2400.00),
(46, 46, 140.00, 20.00, 2800.00),
(47, 47, 135.00, 20.00, 2700.00),
(48, 48, 125.00, 20.00, 2500.00),
(49, 49, 110.00, 20.00, 2200.00),
(50, 50, 130.00, 20.00, 2600.00);

-- Insert de la tabla Asignacion_Empleado. 
INSERT INTO Asignacion_Empleado (id_empleado, id_cultivo, actividad, fecha_asignacion, duracion)
VALUES
(1, 1, 'Siembra de palma', '2024-01-01', 8.0),
(2, 2, 'Cosecha de palma', '2024-01-02', 6.0),
(3, 3, 'Riego de cultivo', '2024-01-03', 7.0),
(4, 4, 'Mantenimiento de maquinaria', '2024-01-04', 5.0),
(5, 5, 'Fertilización', '2024-01-05', 6.5),
(6, 6, 'Siembra de palma', '2024-01-06', 8.0),
(7, 7, 'Mantenimiento de maquinaria', '2024-01-07', 4.5),
(8, 8, 'Cosecha de palma', '2024-01-08', 5.5),
(9, 9, 'Riego de cultivo', '2024-01-09', 7.5),
(10, 10, 'Fertilización', '2024-01-10', 6.0),
(11, 11, 'Siembra de palma', '2024-01-11', 8.0),
(12, 12, 'Cosecha de palma', '2024-01-12', 6.5),
(13, 13, 'Riego de cultivo', '2024-01-13', 7.0),
(14, 14, 'Mantenimiento de maquinaria', '2024-01-14', 4.0),
(15, 15, 'Fertilización', '2024-01-15', 5.5),
(16, 16, 'Siembra de palma', '2024-01-16', 8.0),
(17, 17, 'Cosecha de palma', '2024-01-17', 6.5),
(18, 18, 'Riego de cultivo', '2024-01-18', 7.5),
(19, 19, 'Mantenimiento de maquinaria', '2024-01-19', 4.0),
(20, 20, 'Fertilización', '2024-01-20', 6.0),
(21, 21, 'Siembra de palma', '2024-01-21', 8.0),
(22, 22, 'Cosecha de palma', '2024-01-22', 6.5),
(23, 23, 'Riego de cultivo', '2024-01-23', 7.0),
(24, 24, 'Mantenimiento de maquinaria', '2024-01-24', 5.0),
(25, 25, 'Fertilización', '2024-01-25', 6.5),
(26, 26, 'Siembra de palma', '2024-01-26', 8.0),
(27, 27, 'Cosecha de palma', '2024-01-27', 6.0),
(28, 28, 'Riego de cultivo', '2024-01-28', 7.0),
(29, 29, 'Mantenimiento de maquinaria', '2024-01-29', 4.5),
(30, 30, 'Fertilización', '2024-01-30', 5.5),
(31, 31, 'Siembra de palma', '2024-02-01', 8.0),
(32, 32, 'Cosecha de palma', '2024-02-02', 6.5),
(33, 33, 'Riego de cultivo', '2024-02-03', 7.0),
(34, 34, 'Mantenimiento de maquinaria', '2024-02-04', 4.5),
(35, 35, 'Fertilización', '2024-02-05', 6.0),
(36, 36, 'Siembra de palma', '2024-02-06', 8.0),
(37, 37, 'Cosecha de palma', '2024-02-07', 6.5),
(38, 38, 'Riego de cultivo', '2024-02-08', 7.0),
(39, 39, 'Mantenimiento de maquinaria', '2024-02-09', 5.0),
(40, 40, 'Fertilización', '2024-02-10', 6.5),
(41, 41, 'Siembra de palma', '2024-02-11', 8.0),
(42, 42, 'Cosecha de palma', '2024-02-12', 6.0),
(43, 43, 'Riego de cultivo', '2024-02-13', 7.5),
(44, 44, 'Mantenimiento de maquinaria', '2024-02-14', 4.0),
(45, 45, 'Fertilización', '2024-02-15', 6.0),
(46, 46, 'Siembra de palma', '2024-02-16', 8.0),
(47, 47, 'Cosecha de palma', '2024-02-17', 6.5),
(48, 48, 'Riego de cultivo', '2024-02-18', 7.0),
(49, 49, 'Mantenimiento de maquinaria', '2024-02-19', 5.0),
(50, 50, 'Fertilización', '2024-02-20', 6.0);

-- insert de la tabla Inventario. 
INSERT INTO Inventario (nombre, descripcion, cantidad_disponible, unidad_medida, fecha_actualizacion, tipo, id_proveedor)
VALUES
('Fertilizante A', 'Fertilizante químico de alta eficiencia', 500.00, 'Kilogramo', '2024-01-01', 'Fertilizante', 1),
('Semillas de Palma', 'Semillas para siembra de palma de aceite', 1000.00, 'Unidad', '2024-01-02', 'Semillas', 2),
('Herbicida B', 'Herbicida para control de maleza', 200.00, 'Litro', '2024-01-03', 'Herbicida', 3),
('Sistemas de Riego', 'Equipos de riego por goteo', 50.00, 'Unidad', '2024-01-04', 'Equipos', 4),
('Lubricante para maquinaria', 'Lubricante de alta calidad para maquinaria agrícola', 150.00, 'Litro', '2024-01-05', 'Lubricante', 5),
('Fertilizante Orgánico', 'Fertilizante orgánico para cultivo de palma', 300.00, 'Kilogramo', '2024-01-06', 'Fertilizante', 1),
('Pesticida C', 'Pesticida para protección de cultivos', 250.00, 'Litro', '2024-01-07', 'Pesticida', 6),
('Plantas de Palma', 'Plantas de palma de aceite listas para trasplante', 800.00, 'Unidad', '2024-01-08', 'Plantas', 7),
('Hormonas para crecimiento', 'Hormonas para mejorar el crecimiento de plantas', 100.00, 'Gramo', '2024-01-09', 'Hormonas', 8),
('Tierra para cultivo', 'Tierra especial para siembra de palma', 500.00, 'Saco', '2024-01-10', 'Suelo', 9),
('Aceite de Palma', 'Aceite de palma extraído del cultivo', 1200.00, 'Litro', '2024-01-11', 'Producto terminado', 10),
('Riego por aspersión', 'Sistema de riego por aspersión para grandes extensiones', 30.00, 'Unidad', '2024-01-12', 'Equipos', 4),
('Agujeros de siembra', 'Accesorios para realizar agujeros de siembra', 150.00, 'Unidad', '2024-01-13', 'Herramienta', 11),
('Papel de embalar', 'Papel para embalar productos de palma', 500.00, 'Rollo', '2024-01-14', 'Empaque', 12),
('Cinta de riego', 'Cinta para distribución de agua en cultivos', 600.00, 'Metro', '2024-01-15', 'Equipos', 13),
('Cosechadora de palma', 'Maquinaria para cosechar la palma de aceite', 5.00, 'Unidad', '2024-01-16', 'Maquinaria', 14),
('Aceite refinado', 'Aceite de palma refinado listo para consumo', 800.00, 'Litro', '2024-01-17', 'Producto terminado', 10),
('Suministros de limpieza', 'Productos para mantener limpia la maquinaria', 100.00, 'Unidad', '2024-01-18', 'Suministros', 15),
('Riego por goteo', 'Sistema de riego por goteo', 50.00, 'Unidad', '2024-01-19', 'Equipos', 4),
('Cinta para embalaje', 'Cinta plástica para embalaje de productos', 300.00, 'Rollo', '2024-01-20', 'Empaque', 12),
('Semillas híbridas', 'Semillas de palma híbrida para cultivos', 700.00, 'Unidad', '2024-01-21', 'Semillas', 2),
('Fertilizante líquido', 'Fertilizante líquido para cultivos de palma', 400.00, 'Litro', '2024-01-22', 'Fertilizante', 1),
('Pistón de maquinaria', 'Pistón de repuesto para maquinaria de cosecha', 80.00, 'Unidad', '2024-01-23', 'Repuestos', 16),
('Aceite crudo de palma', 'Aceite crudo extraído del fruto de palma', 1000.00, 'Litro', '2024-01-24', 'Producto intermedio', 10),
('Goteros de riego', 'Accesorios de riego por goteo para cultivos de palma', 500.00, 'Unidad', '2024-01-25', 'Equipos', 4),
('Cosechadora hidráulica', 'Cosechadora hidráulica de palma de aceite', 3.00, 'Unidad', '2024-01-26', 'Maquinaria', 14),
('Cinta plástica', 'Cinta plástica para proteger los cultivos', 600.00, 'Metro', '2024-01-27', 'Empaque', 12),
('Riego automatizado', 'Sistema de riego automatizado para cultivos', 20.00, 'Unidad', '2024-01-28', 'Equipos', 4),
('Maquinaria pesada', 'Maquinaria pesada para el transporte de palma', 2.00, 'Unidad', '2024-01-29', 'Maquinaria', 17),
('Planta de compostaje', 'Planta para el procesamiento de desechos orgánicos', 1.00, 'Unidad', '2024-01-30', 'Equipos', 18),
('Riego manual', 'Sistema de riego manual para cultivos pequeños', 150.00, 'Unidad', '2024-01-31', 'Equipos', 19),
('Fertilizante NPK', 'Fertilizante NPK para mejorar la calidad del suelo', 450.00, 'Kilogramo', '2024-02-01', 'Fertilizante', 1),
('Pala para cultivo', 'Pala para mover tierra y fertilizantes', 200.00, 'Unidad', '2024-02-02', 'Herramienta', 11),
('Gafas de seguridad', 'Gafas de seguridad para los trabajadores', 100.00, 'Unidad', '2024-02-03', 'Seguridad', 20),
('Bolsas de plástico', 'Bolsas para embalaje de aceite de palma', 1000.00, 'Unidad', '2024-02-04', 'Empaque', 12),
('Sistemas de drenaje', 'Sistema para drenaje de agua en cultivos', 50.00, 'Unidad', '2024-02-05', 'Equipos', 4),
('Semillas de palma macho', 'Semillas para cultivo de palma macho', 300.00, 'Unidad', '2024-02-06', 'Semillas', 2),
('Plántulas de palma', 'Plántulas listas para el trasplante a campo', 800.00, 'Unidad', '2024-02-07', 'Plantas', 7),
('Aceite de palma en barra', 'Aceite de palma procesado en barra', 600.00, 'Kilogramo', '2024-02-08', 'Producto terminado', 10),
('Ropa de trabajo', 'Ropa adecuada para los empleados de campo', 100.00, 'Unidad', '2024-02-09', 'Seguridad', 20),
('Tuberías de riego', 'Tuberías para el sistema de riego de cultivos', 1000.00, 'Metro', '2024-02-10', 'Equipos', 4),
('Repelente de plagas', 'Repelente para control de plagas en cultivo de palma', 300.00, 'Litro', '2024-02-11', 'Pesticida', 6),
('Tractor de siembra', 'Tractor agrícola para siembra de palma', 3.00, 'Unidad', '2024-02-12', 'Maquinaria', 21),
('Aceite crudo de palma (mayor)', 'Aceite crudo de palma en grandes cantidades', 1500.00, 'Litro', '2024-02-13', 'Producto intermedio', 10),
('Fertilizante de liberación lenta', 'Fertilizante de liberación controlada', 400.00, 'Kilogramo', '2024-02-14', 'Fertilizante', 1),
('Palma de aceite', 'Fruto de palma de aceite para extracción de aceite', 700.00, 'Kilogramo', '2024-02-15', 'Producto primario', 10),
('Fumigadora', 'Máquina para fumigar cultivos de palma', 15.00, 'Unidad', '2024-02-16', 'Maquinaria', 22),
('Semillas genéticas', 'Semillas mejoradas genéticamente para cultivo de palma', 500.00, 'Unidad', '2024-02-17', 'Semillas', 2),
('Caja de cartón', 'Caja de cartón para empaque de productos', 1000.00, 'Unidad', '2024-02-18', 'Empaque', 12),
('Pistola de riego', 'Pistola para riego manual de cultivos', 300.00, 'Unidad', '2024-02-19', 'Equipos', 4),
('Desinfectante para maquinaria', 'Desinfectante para equipos de campo y maquinaria', 100.00, 'Litro', '2024-02-20', 'Suministros', 15);

-- Insert de la tabla Mantenimiento. 
INSERT INTO Mantenimiento (id_maquinaria, id_empleado, fecha_mantenimiento, tipo_mantenimiento, costo, descripcion)
VALUES
(1, 1, '2024-01-01', 'Mantenimiento preventivo', 200.00, 'Revisión y lubricación de motores de la cosechadora de palma'),
(2, 2, '2024-01-02', 'Mantenimiento correctivo', 150.00, 'Reemplazo de pieza dañada en el tractor agrícola'),
(3, 3, '2024-01-03', 'Mantenimiento preventivo', 120.00, 'Chequeo general y calibración de sistema de riego'),
(4, 4, '2024-01-04', 'Mantenimiento de limpieza', 80.00, 'Limpieza de los filtros del sistema de riego por goteo'),
(5, 5, '2024-01-05', 'Mantenimiento preventivo', 250.00, 'Revisión general de la maquinaria cosechadora'),
(6, 6, '2024-01-06', 'Mantenimiento correctivo', 180.00, 'Reemplazo de componentes eléctricos en la cosechadora'),
(7, 7, '2024-01-07', 'Mantenimiento preventivo', 220.00, 'Chequeo del sistema de transmisión en el tractor'),
(8, 8, '2024-01-08', 'Mantenimiento de limpieza', 60.00, 'Limpieza y desinfección de los sistemas de riego'),
(9, 9, '2024-01-09', 'Mantenimiento correctivo', 200.00, 'Reemplazo de válvula en sistema de drenaje'),
(10, 10, '2024-01-10', 'Mantenimiento preventivo', 240.00, 'Chequeo y mantenimiento general de maquinaria pesada'),
(11, 11, '2024-01-11', 'Mantenimiento de limpieza', 90.00, 'Limpieza de la bomba de agua del sistema de riego'),
(12, 12, '2024-01-12', 'Mantenimiento preventivo', 150.00, 'Revisión de los sistemas hidráulicos del tractor'),
(13, 13, '2024-01-13', 'Mantenimiento correctivo', 100.00, 'Reemplazo de manguera en el sistema de riego por aspersión'),
(14, 14, '2024-01-14', 'Mantenimiento preventivo', 130.00, 'Revisión y ajuste de los controles en la cosechadora'),
(15, 15, '2024-01-15', 'Mantenimiento preventivo', 170.00, 'Chequeo y ajuste de frenos en el tractor agrícola'),
(16, 16, '2024-01-16', 'Mantenimiento correctivo', 220.00, 'Reemplazo de motor en el sistema de riego por goteo'),
(17, 17, '2024-01-17', 'Mantenimiento de limpieza', 110.00, 'Limpieza de filtros y chequeo de presión en el sistema de riego'),
(18, 18, '2024-01-18', 'Mantenimiento preventivo', 160.00, 'Revisión general de maquinaria pesada y limpieza de partes principales'),
(19, 19, '2024-01-19', 'Mantenimiento correctivo', 180.00, 'Reemplazo de bomba hidráulica en la cosechadora de palma'),
(20, 20, '2024-01-20', 'Mantenimiento preventivo', 210.00, 'Revisión y calibración de los sistemas de dirección de maquinaria pesada'),
(21, 21, '2024-01-21', 'Mantenimiento preventivo', 230.00, 'Revisión general y ajuste de los sistemas electrónicos de maquinaria'),
(22, 22, '2024-01-22', 'Mantenimiento correctivo', 250.00, 'Reemplazo de piezas en el sistema de riego automatizado'),
(23, 23, '2024-01-23', 'Mantenimiento preventivo', 270.00, 'Chequeo completo y ajuste de los mecanismos de riego por aspersión'),
(24, 24, '2024-01-24', 'Mantenimiento de limpieza', 50.00, 'Limpieza de filtros y chequeo de las bombas de riego'),
(25, 25, '2024-01-25', 'Mantenimiento preventivo', 210.00, 'Revisión de frenos y sistemas hidráulicos en maquinaria pesada'),
(26, 26, '2024-01-26', 'Mantenimiento preventivo', 180.00, 'Chequeo y mantenimiento de sistemas electrónicos de cosechadora'),
(27, 27, '2024-01-27', 'Mantenimiento correctivo', 190.00, 'Reemplazo de válvula defectuosa en la maquinaria agrícola'),
(28, 28, '2024-01-28', 'Mantenimiento preventivo', 160.00, 'Revisión de sistemas hidráulicos y ajustes en maquinaria pesada'),
(29, 29, '2024-01-29', 'Mantenimiento de limpieza', 80.00, 'Limpieza de sistemas de filtrado en maquinaria agrícola'),
(30, 30, '2024-01-30', 'Mantenimiento preventivo', 250.00, 'Revisión de los sistemas de transmisión y lubricación de la cosechadora'),
(31, 31, '2024-01-31', 'Mantenimiento preventivo', 230.00, 'Chequeo y ajuste de los sistemas de frenos en maquinaria pesada'),
(32, 32, '2024-02-01', 'Mantenimiento correctivo', 220.00, 'Reemplazo de motor defectuoso en el sistema de riego'),
(33, 33, '2024-02-02', 'Mantenimiento preventivo', 240.00, 'Mantenimiento general de maquinaria pesada y revisión de piezas'),
(34, 34, '2024-02-03', 'Mantenimiento preventivo', 200.00, 'Revisión y ajuste de los controles hidráulicos en la cosechadora'),
(35, 35, '2024-02-04', 'Mantenimiento correctivo', 170.00, 'Reemplazo de piezas en el sistema de riego por aspersión'),
(36, 36, '2024-02-05', 'Mantenimiento preventivo', 190.00, 'Chequeo de sistemas hidráulicos y mecánicos en maquinaria pesada'),
(37, 37, '2024-02-06', 'Mantenimiento preventivo', 180.00, 'Mantenimiento general de la maquinaria cosechadora de palma'),
(38, 38, '2024-02-07', 'Mantenimiento de limpieza', 90.00, 'Limpieza y ajuste del sistema de riego por goteo'),
(39, 39, '2024-02-08', 'Mantenimiento preventivo', 200.00, 'Chequeo y ajuste de sistemas electrónicos y mecánicos de maquinaria'),
(40, 40, '2024-02-09', 'Mantenimiento preventivo', 220.00, 'Revisión completa de los sistemas hidráulicos y mecánicos en la maquinaria'),
(41, 41, '2024-02-10', 'Mantenimiento correctivo', 230.00, 'Reemplazo de piezas dañadas en maquinaria agrícola'),
(42, 42, '2024-02-11', 'Mantenimiento preventivo', 210.00, 'Chequeo general y mantenimiento de maquinaria pesada'),
(43, 43, '2024-02-12', 'Mantenimiento preventivo', 240.00, 'Revisión y calibración de todos los sistemas en maquinaria agrícola'),
(44, 44, '2024-02-13', 'Mantenimiento de limpieza', 70.00, 'Limpieza de piezas y desinfección del sistema de riego'),
(45, 45, '2024-02-14', 'Mantenimiento preventivo', 220.00, 'Revisión de los sistemas de transmisión y lubricación de maquinaria'),
(46, 46, '2024-02-15', 'Mantenimiento preventivo', 180.00, 'Chequeo de frenos y sistemas hidráulicos en maquinaria pesada'),
(47, 47, '2024-02-16', 'Mantenimiento correctivo', 160.00, 'Reemplazo de bomba defectuosa en el sistema de riego por goteo'),
(48, 48, '2024-02-17', 'Mantenimiento preventivo', 200.00, 'Chequeo y mantenimiento de los sistemas de control de maquinaria'),
(49, 49, '2024-02-18', 'Mantenimiento preventivo', 230.00, 'Revisión general de maquinaria y calibración de los sensores'),
(50, 50, '2024-02-19', 'Mantenimiento correctivo', 250.00, 'Reemplazo de componentes defectuosos en la cosechadora de palma');

-- Insert de la tabla Fertilizacion. 
INSERT INTO Fertilizacion (id_cultivo, fecha_aplicacion, insumo_utilizado, cantidad_aplicada, efectividad_estimada)
VALUES
(1, '2024-01-01', 'Fertilizante NPK', 150.00, 85),
(2, '2024-01-02', 'Urea', 120.00, 90),
(3, '2024-01-03', 'Fosfato diamónico', 130.00, 80),
(4, '2024-01-04', 'Fertilizante NPK', 110.00, 88),
(5, '2024-01-05', 'Compost orgánico', 140.00, 92),
(6, '2024-01-06', 'Fosfato diamónico', 100.00, 83),
(7, '2024-01-07', 'Urea', 125.00, 85),
(8, '2024-01-08', 'Fertilizante NPK', 110.00, 86),
(9, '2024-01-09', 'Compost orgánico', 150.00, 90),
(10, '2024-01-10', 'Fosfato diamónico', 130.00, 80),
(11, '2024-01-11', 'Urea', 140.00, 87),
(12, '2024-01-12', 'Fertilizante NPK', 120.00, 89),
(13, '2024-01-13', 'Compost orgánico', 135.00, 91),
(14, '2024-01-14', 'Urea', 110.00, 84),
(15, '2024-01-15', 'Fertilizante NPK', 145.00, 90),
(16, '2024-01-16', 'Fosfato diamónico', 125.00, 82),
(17, '2024-01-17', 'Urea', 150.00, 91),
(18, '2024-01-18', 'Compost orgánico', 130.00, 88),
(19, '2024-01-19', 'Fertilizante NPK', 140.00, 86),
(20, '2024-01-20', 'Fosfato diamónico', 115.00, 80),
(21, '2024-01-21', 'Urea', 125.00, 90),
(22, '2024-01-22', 'Compost orgánico', 150.00, 92),
(23, '2024-01-23', 'Fertilizante NPK', 110.00, 87),
(24, '2024-01-24', 'Fosfato diamónico', 120.00, 84),
(25, '2024-01-25', 'Urea', 135.00, 89),
(26, '2024-01-26', 'Compost orgánico', 145.00, 91),
(27, '2024-01-27', 'Fertilizante NPK', 100.00, 80),
(28, '2024-01-28', 'Fosfato diamónico', 130.00, 83),
(29, '2024-01-29', 'Urea', 110.00, 86),
(30, '2024-01-30', 'Compost orgánico', 140.00, 92),
(31, '2024-02-01', 'Fertilizante NPK', 120.00, 87),
(32, '2024-02-02', 'Fosfato diamónico', 125.00, 89),
(33, '2024-02-03', 'Urea', 130.00, 85),
(34, '2024-02-04', 'Compost orgánico', 110.00, 84),
(35, '2024-02-05', 'Fertilizante NPK', 115.00, 82),
(36, '2024-02-06', 'Fosfato diamónico', 140.00, 88),
(37, '2024-02-07', 'Urea', 120.00, 86),
(38, '2024-02-08', 'Compost orgánico', 135.00, 91),
(39, '2024-02-09', 'Fertilizante NPK', 130.00, 89),
(40, '2024-02-10', 'Fosfato diamónico', 145.00, 92),
(41, '2024-02-11', 'Urea', 100.00, 80),
(42, '2024-02-12', 'Compost orgánico', 125.00, 90),
(43, '2024-02-13', 'Fertilizante NPK', 110.00, 85),
(44, '2024-02-14', 'Fosfato diamónico', 120.00, 82),
(45, '2024-02-15', 'Urea', 140.00, 89),
(46, '2024-02-16', 'Compost orgánico', 150.00, 93),
(47, '2024-02-17', 'Fertilizante NPK', 115.00, 87),
(48, '2024-02-18', 'Fosfato diamónico', 130.00, 86),
(49, '2024-02-19', 'Urea', 125.00, 90),
(50, '2024-02-20', 'Compost orgánico', 110.00, 85);
